City,Cloudiness,Country,Date,Humidity,Lat,Lng,Max Temp,Wind Speed
Berlin,100,DE,1603248869,93,52.52,13.41,52.0,6.93
Tasiilaq,100,GL,1603248869,97,65.61,-37.64,32.0,18.34
Bambous Virieux,40,MU,1603248869,83,-20.34,57.76,77.0,10.29
Yumen,0,CN,1603248869,27,40.28,97.2,59.07,11.25
Vila Franca do Campo,20,PT,1603248870,72,37.72,-25.43,59.0,12.75
Mahébourg,40,MU,1603248871,83,-20.41,57.7,73.4,10.29
Saskylakh,90,RU,1603248871,97,71.92,114.08,19.62,8.63
Vaini,75,TO,1603248872,69,-21.2,-175.2,75.2,6.93
George Town,20,MY,1603248704,88,5.41,100.34,78.8,4.7
Rikitea,28,PF,1603248809,76,-23.12,-134.97,73.92,9.62
Vestmanna,3,FO,1603248874,75,62.16,-7.17,41.0,8.05
Lodja,100,CD,1603248875,97,-3.48,23.43,69.73,0.74
Saint Paul Harbor,1,US,1603248612,45,57.79,-152.41,46.4,10.29
Hobart,75,AU,1603248799,51,-42.88,147.33,66.0,5.82
Narsaq,100,GL,1603248821,86,60.92,-46.05,30.2,2.24
Yellowknife,20,CA,1603248877,85,62.46,-114.35,21.99,6.93
Lebu,0,CL,1603248639,79,-37.62,-73.65,48.76,16.8
Punta Arenas,75,CL,1603248727,75,-53.15,-70.92,41.0,5.82
Clyde River,75,CA,1603248846,79,70.47,-68.59,26.6,10.29
Dzilam González,0,MX,1603248644,94,21.28,-88.93,75.99,3.24
Mataura,18,NZ,1603248879,59,-46.19,168.86,57.0,11.01
Coshocton,98,US,1603248880,93,40.27,-81.86,55.99,3.69
Vazante,100,BR,1603248880,95,-17.99,-46.91,66.36,2.82
Lisala,100,CD,1603248880,99,2.15,21.52,69.89,3.27
Hasaki,40,JP,1603248647,52,35.73,140.83,70.0,14.99
Herat Province,0,AF,1603248881,27,34.5,62.0,41.0,4.7
Atar,0,MR,1603248881,27,20.52,-13.05,84.18,5.32
Saint-Pierre,1,RE,1603248882,53,-21.34,55.48,72.0,6.93
Xining,0,CN,1603248882,44,36.62,101.77,46.13,1.68
Yerbogachën,100,RU,1603248882,93,61.28,108.01,22.44,9.91
Provideniya,90,RU,1603248883,87,64.38,-173.3,44.6,8.95
Husavik,63,IS,1603248883,92,66.04,-17.34,23.0,3.36
Saint-Philippe,10,RE,1603248884,53,-21.36,55.77,72.0,6.93
Arraial do Cabo,0,BR,1603248884,86,-22.97,-42.03,72.21,19.66
Margate,100,GB,1603248884,90,51.38,1.39,59.0,4.0
Codrington,24,AU,1603248885,69,-38.27,141.97,58.5,8.23
Sioux Lookout,75,CA,1603248817,89,50.1,-91.92,32.0,3.36
Ambunti,59,PG,1603248886,51,-4.24,142.84,93.04,1.74
Kapaa,90,US,1603248887,83,22.08,-159.32,80.01,9.17
Tiksi,77,RU,1603248888,92,71.69,128.87,8.31,8.7
Lompoc,90,US,1603248748,93,34.64,-120.46,57.2,8.05
New Norfolk,97,AU,1603248643,50,-42.78,147.06,64.0,3.0
Tumut,80,AU,1603248614,60,-35.3,148.22,70.12,5.44
Temple,1,US,1603248850,61,31.1,-97.34,78.8,10.29
Marsá Maţrūḩ,62,EG,1603248892,83,31.35,27.25,69.8,7.18
Gaoual,0,GN,1603248892,87,11.75,-13.2,73.9,1.95
Cape Town,0,ZA,1603248844,81,-33.93,18.42,51.01,3.36
Seymchan,36,RU,1603248893,90,62.88,152.43,21.65,4.09
São José da Coroa Grande,84,BR,1603248638,84,-8.9,-35.15,76.15,7.72
Qaanaaq,58,GL,1603248894,83,77.48,-69.36,20.57,5.82
Butaritari,34,KI,1603248894,72,3.07,172.79,82.51,9.13
Karlskoga,100,SE,1603248895,93,59.33,14.52,46.4,6.93
Twante,90,MM,1603248896,83,16.72,95.93,80.6,5.82
Port Elizabeth,4,ZA,1603248855,87,-33.92,25.57,50.0,2.24
Yima,57,CN,1603248897,27,34.74,111.88,63.99,10.42
Lagoa,52,PT,1603248898,68,39.05,-27.98,63.12,25.03
Albany,100,US,1603248898,88,42.6,-73.97,55.0,3.65
Hilo,90,US,1603248705,58,19.73,-155.09,82.4,8.05
Yārāda,40,IN,1603248900,83,17.65,83.27,82.4,4.7
Ushuaia,40,AR,1603248828,75,-54.8,-68.3,41.0,5.12
Bonavista,99,CA,1603248900,78,48.65,-53.11,55.99,5.01
Poso,99,ID,1603248900,53,-1.4,120.75,89.4,4.16
Mgachi,99,RU,1603248901,51,51.05,142.27,51.06,14.74
Beruwala,8,LK,1603248902,79,6.48,79.98,81.9,11.56
Ruwi,0,OM,1603248902,56,23.6,58.55,69.8,3.36
Bahía Honda,97,CU,1603248903,85,22.9,-83.16,76.24,11.65
Khatanga,81,RU,1603248903,95,71.97,102.5,6.76,8.28
Rocha,100,UY,1603248626,72,-34.48,-54.33,52.68,10.04
Barrow,90,US,1603248904,86,71.29,-156.79,28.4,13.87
Atuona,80,PF,1603248824,76,-9.8,-139.03,77.86,15.82
Thompson,90,CA,1603248905,85,55.74,-97.86,24.8,2.24
Bilibino,99,RU,1603248905,94,68.05,166.44,21.79,2.37
Berlevåg,96,NO,1603248625,80,70.86,29.09,36.93,1.5
Alofi,90,NU,1603248669,78,-19.06,-169.92,77.0,19.46
Lerwick,100,GB,1603248906,81,60.15,-1.15,48.2,27.51
Arbazh,100,RU,1603248907,96,57.68,48.31,30.88,12.68
Carnarvon,40,AU,1603248907,56,-24.87,113.63,73.4,19.46
Bluff,40,NZ,1603248907,59,-46.6,168.33,57.0,11.01
Byron Bay,0,AU,1603248907,56,-28.65,153.62,81.0,12.75
Avarua,100,CK,1603248907,88,-21.21,-159.78,75.2,6.93
Piaçabuçu,14,BR,1603248908,82,-10.41,-36.43,74.79,7.83
Kieta,99,PG,1603248908,68,-6.22,155.63,84.56,4.81
Busselton,7,AU,1603248802,37,-33.65,115.33,73.0,3.83
Katsuura,18,JP,1603248909,47,35.13,140.3,70.0,5.99
Price,1,US,1603248910,23,39.6,-110.81,64.4,10.29
Vardø,75,NO,1603248911,86,70.37,31.11,30.2,6.93
Jamestown,90,US,1603248838,100,42.1,-79.24,48.99,5.82
Puerto Ayora,96,EC,1603248912,93,-0.74,-90.35,69.01,7.0
Klaksvík,29,FO,1603248647,75,62.23,-6.59,41.0,8.05
Mehamn,91,NO,1603248912,84,71.04,27.85,35.35,1.79
Laguna,1,US,1603248913,40,38.42,-121.42,73.0,4.76
Marystown,100,CA,1603248913,100,47.17,-55.15,60.01,7.0
Esmeralda,54,CU,1603248913,94,21.85,-78.12,77.0,5.82
Ulladulla,20,AU,1603248913,50,-35.35,150.47,77.0,13.87
Ōzu,40,JP,1603248914,60,33.5,132.55,71.6,11.41
Nezhinka,0,RU,1603248914,92,51.77,55.37,23.0,8.59
Rūdsar,90,IR,1603248914,88,37.14,50.29,66.2,1.99
Kaeo,97,NZ,1603248914,69,-35.1,173.78,63.54,7.27
Dingle,62,PH,1603248915,80,11.0,122.67,84.27,15.77
Severo-Kuril'sk,62,RU,1603248915,65,50.68,156.12,42.48,30.38
Holbeach,100,GB,1603248915,90,52.8,0.01,55.0,1.01
Mayo,1,US,1603248915,100,38.89,-76.51,62.6,3.6
San Cristobal,40,VE,1603248753,88,7.77,-72.22,77.0,3.36
Hong Kong,37,HK,1603248805,65,22.29,114.16,78.01,1.01
Inírida,84,CO,1603248916,90,3.87,-67.92,75.47,1.32
High Level,90,CA,1603248917,68,58.52,-117.14,24.8,3.36
Alghero,20,IT,1603248917,93,40.56,8.32,50.0,4.7
Hermanus,0,ZA,1603248917,84,-34.42,19.23,51.01,3.0
Vavuniya,31,LK,1603248918,66,8.75,80.5,84.11,9.28
Fuerte Olimpo,38,PY,1603248918,86,-21.04,-57.87,73.71,4.68
Abhā,0,SA,1603248919,25,18.22,42.51,55.4,6.93
Northam,100,GB,1603248919,93,51.03,-4.22,57.0,5.99
Fort Nelson,20,CA,1603248846,72,58.81,-122.7,17.6,4.7
Bouaké,40,CI,1603248920,100,7.69,-5.02,71.6,4.7
Anori,44,BR,1603248920,78,-3.77,-61.64,78.13,0.6
Nome,40,US,1603248920,80,64.5,-165.41,41.0,8.05
Pacific Grove,1,US,1603248805,87,36.62,-121.92,61.0,3.36
Burns Lake,100,CA,1603248914,96,54.23,-125.75,28.74,1.57
East London,0,ZA,1603248922,66,-33.02,27.91,56.97,5.32
Zhangaözen,99,KZ,1603248922,64,43.3,52.8,46.6,3.15
Florianópolis,75,BR,1603248792,100,-27.61,-48.5,72.0,8.05
Khovd,0,MN,1603248923,72,48.01,91.64,35.04,2.15
São Filipe,70,CV,1603248923,69,14.9,-24.5,82.33,4.0
Kaitangata,57,NZ,1603248853,53,-46.28,169.85,55.22,5.46
Plouzané,90,FR,1603248923,93,48.38,-4.62,59.0,6.93
Sur,0,OM,1603248924,57,22.57,59.53,77.11,4.36
Rawson,0,AR,1603248924,59,-43.3,-65.1,50.67,16.44
Bilma,0,NE,1603248924,18,18.69,12.92,76.1,3.31
Hithadhoo,46,MV,1603248648,80,-0.6,73.08,82.15,13.4
Petropavlovsk-Kamchatskiy,0,RU,1603248925,36,53.05,158.65,44.6,20.13
Sal Rei,40,CV,1603248926,88,16.18,-22.92,78.8,10.29
Mayumba,100,GA,1603248926,88,-3.43,10.66,76.75,6.04
Dickinson,75,US,1603248927,88,29.46,-95.05,77.0,10.29
Alyangula,0,AU,1603248927,46,-13.85,136.42,91.4,12.75
Mount Gambier,90,AU,1603248927,59,-37.83,140.77,62.6,10.29
Broome,90,US,1603248928,100,42.25,-75.83,51.01,4.7
Pevek,74,RU,1603248928,95,69.7,170.31,30.96,15.59
Waddān,0,LY,1603248928,81,29.16,16.14,59.74,6.89
North Bend,1,US,1603248661,87,43.41,-124.22,57.0,8.05
Khani,93,GE,1603248929,93,41.96,42.96,57.2,3.36
Camaná,62,PE,1603248929,76,-16.62,-72.71,61.86,3.89
Bredasdorp,0,ZA,1603248929,93,-34.53,20.04,39.2,3.36
Tezu,49,IN,1603248930,65,27.92,96.17,79.32,0.85
Mar del Plata,0,AR,1603248930,87,-38.0,-57.56,52.0,6.11
Dubai,0,AE,1603248827,64,25.26,55.3,73.4,2.24
Mount Isa,0,AU,1603248905,13,-20.73,139.5,98.6,4.7
Beloha,0,MG,1603248847,76,-25.17,45.05,65.25,3.36
Chabahar,0,IR,1603248932,67,25.29,60.64,59.0,6.93
Hamilton,90,US,1603248743,93,39.18,-84.53,55.99,5.01
Vostok,100,RU,1603248933,42,46.49,135.88,53.74,7.36
Erzin,33,TR,1603248933,82,36.96,36.2,62.6,3.36
Careiro da Várzea,33,BR,1603248934,69,-3.2,-59.81,82.4,5.82
Sinnamary,100,GF,1603248934,81,5.38,-52.95,79.7,12.06
Isangel,75,VU,1603248935,62,-19.55,169.27,84.2,9.17
Gornopravdinsk,95,RU,1603248935,92,60.05,69.9,33.69,4.85
Ponta Delgada,20,PT,1603248935,72,37.73,-25.67,59.0,12.75
Ōmagari,20,JP,1603248936,55,39.45,140.48,60.8,8.05
Krasnosel'kup,100,RU,1603248937,98,65.7,82.47,26.38,10.63
Ponta do Sol,20,PT,1603248937,68,32.67,-17.1,66.2,3.36
Xinzhi,0,CN,1603248937,28,36.5,111.7,58.23,11.95
Port Keats,6,AU,1603248938,58,-14.25,129.55,89.19,8.93
Obo,96,CF,1603248939,97,5.4,26.49,66.99,3.58
Souillac,40,MU,1603248850,83,-20.52,57.52,73.4,10.29
Khirkiya,3,IN,1603248941,75,22.17,76.86,80.24,3.49
Itarema,0,BR,1603248761,78,-2.92,-39.92,78.69,16.28
Nanortalik,100,GL,1603248942,91,60.14,-45.24,35.13,18.1
Sefophe,0,BW,1603248943,70,-22.18,27.97,66.81,21.81
Grindavik,75,IS,1603248943,70,63.84,-22.43,35.6,5.82
Bengkulu,39,ID,1603248943,62,-3.8,102.27,85.08,4.16
Upernavik,100,GL,1603248944,95,72.79,-56.15,32.43,3.09
Torbay,75,CA,1603248852,93,47.67,-52.73,59.0,19.46
Cidreira,78,BR,1603248920,94,-30.18,-50.21,68.41,5.95
Frumuşiţa,0,RO,1603248945,62,45.67,28.07,46.53,8.57
Saldanha,0,ZA,1603248945,81,-33.01,17.94,42.8,4.7
Huron,100,US,1603248945,94,41.15,-82.55,51.01,3.0
Dvinskoy Bereznik,75,RU,1603248946,98,62.86,42.71,25.74,5.59
San Quintín,2,MX,1603248946,90,30.48,-115.95,66.29,11.97
Chui,100,UY,1603248946,72,-33.7,-53.46,58.15,13.47
Tuktoyaktuk,90,CA,1603248946,92,69.45,-133.04,23.0,17.22
Bull Savanna,100,JM,1603248947,88,17.89,-77.59,75.74,9.37
Aklavik,90,CA,1603248947,92,68.22,-135.01,23.0,8.05
Cartagena,40,CO,1603248690,88,10.4,-75.51,80.6,1.63
Mana,96,GF,1603248947,79,5.66,-53.78,80.17,12.15
Ostrovnoy,100,RU,1603248948,82,68.05,39.51,36.27,12.93
Øksfjord,82,NO,1603248948,85,70.24,22.35,24.8,6.93
Geraldton,90,AU,1603248948,64,-28.77,114.6,69.8,19.46
Naraina,20,IN,1603248949,29,26.78,75.2,77.0,2.24
Marfino,75,RU,1603248949,74,55.7,37.38,35.01,8.95
Maniitsoq,100,GL,1603248950,89,65.42,-52.9,33.73,22.66
Dolores,0,AR,1603248950,65,-36.31,-57.68,42.33,7.4
Kostyantynivka,8,UA,1603248951,77,48.53,37.71,38.84,4.76
Necochea,0,AR,1603248832,93,-38.55,-58.74,41.0,7.16
Swan Hill,0,AU,1603248953,30,-35.34,143.55,76.75,7.14
Lavrentiya,97,RU,1603248942,94,65.58,-171.0,38.34,6.4
Tomatlán,75,MX,1603248953,92,19.93,-105.25,77.02,1.01
Leeton,94,AU,1603248953,28,-34.57,146.4,75.99,8.05
Pochutla,91,MX,1603248747,93,15.74,-96.47,78.01,1.99
Guarapuava,54,BR,1603248954,67,-25.4,-51.46,66.49,6.73
Taltal,11,CL,1603248955,68,-25.4,-70.48,58.5,1.99
Bethel,54,US,1603248955,97,41.37,-73.41,60.01,0.29
Soyo,97,AO,1603248955,84,-6.13,12.37,76.78,7.23
Constitución,33,CL,1603248754,78,-35.33,-72.42,51.06,13.58
Leningradskiy,34,RU,1603248955,84,69.38,178.42,35.2,8.37
Częstochowa,100,PL,1603248866,65,50.8,19.12,46.4,8.05
Visby,100,SE,1603248956,93,57.64,18.3,51.01,8.05
Pisco,3,PE,1603248956,82,-13.7,-76.22,63.0,12.75
Noyabrsk,100,RU,1603248956,99,63.2,75.45,32.5,7.67
San Patricio,20,US,1603248956,83,28.02,-97.52,78.01,10.29
Choma,0,ZM,1603248957,30,-16.81,26.95,67.15,5.26
Kalmunai,2,LK,1603248835,63,7.42,81.82,84.29,3.89
Usinsk,100,RU,1603248957,98,65.99,57.53,23.83,5.73
Half Moon Bay,40,US,1603248957,93,37.46,-122.43,73.4,3.36
Cherskiy,97,RU,1603248957,97,68.75,161.3,22.8,3.42
Zhezkazgan,69,KZ,1603248958,48,47.8,67.71,45.1,7.54
San Francisco,20,US,1603248865,63,37.77,-122.42,69.8,9.17
Makakilo City,1,US,1603248958,70,21.35,-158.09,84.2,8.05
Edd,0,ER,1603248731,69,13.93,41.69,82.6,1.86
Revelstoke,90,CA,1603248959,100,50.98,-118.2,37.4,3.13
Ankazoabo,0,MG,1603248959,50,-22.28,44.52,68.47,6.55
Diphu,44,IN,1603248959,78,25.83,93.43,79.38,1.74
Linqing,0,CN,1603248959,25,36.85,115.71,63.64,12.97
Yangi Marg`ilon,0,UZ,1603248959,37,40.43,71.72,53.6,9.17
Nosy Varika,22,MG,1603248960,82,-20.58,48.53,72.21,5.88
Labu-o,75,PH,1603248960,55,7.11,125.05,89.6,8.05
Polunochnoye,93,RU,1603248960,97,60.87,60.42,28.74,4.9
Qasigiannguit,100,GL,1603248960,95,68.82,-51.19,33.8,9.17
Uarini,98,BR,1603248960,91,-2.99,-65.11,76.35,0.51
Itinga,99,BR,1603248961,73,-16.61,-41.77,75.0,4.16
Atbasar,100,KZ,1603248961,47,51.8,68.33,46.29,7.65
Richards Bay,65,ZA,1603248735,79,-28.78,32.04,66.67,5.84
Nevers,100,FR,1603248963,63,46.99,3.16,62.6,17.22
Bambanglipuro,31,ID,1603248963,74,-7.95,110.28,83.61,7.43
Atlantis,0,ZA,1603248964,81,-33.57,18.48,51.01,3.36
Hualmay,46,PE,1603248964,82,-11.1,-77.61,62.92,7.4
Nabire,100,ID,1603248964,89,-3.37,135.48,77.43,3.49
Santa Vitória do Palmar,99,BR,1603248726,74,-33.52,-53.37,58.37,13.42
Salta,90,AR,1603248965,77,-24.79,-65.41,66.2,6.93
Tessalit,0,ML,1603248966,17,20.2,1.01,79.11,9.95
Ugoofaaru,88,MV,1603248966,79,5.67,73.0,81.75,12.66
Nicoya,100,CR,1603248966,90,10.15,-85.45,75.49,1.92
São João da Barra,66,BR,1603248967,87,-21.64,-41.05,72.23,9.15
Zelenoborskiy,95,RU,1603248967,97,66.84,32.36,30.13,5.86
Sitka,75,US,1603248701,75,57.05,-135.33,42.8,2.86
Puerto Santander,100,CO,1603248968,95,8.36,-72.41,75.18,1.25
Abingdon,100,GB,1603248969,87,51.67,-1.28,59.0,8.05
Faanui,11,PF,1603248969,80,-16.48,-151.75,79.07,13.96
Acapulco de Juárez,75,MX,1603248970,83,16.86,-99.89,84.2,5.82
Skjervøy,56,NO,1603248971,80,70.03,20.97,36.1,16.22
Newport,100,GB,1603248971,98,51.59,-3.0,60.01,4.7
Sabha,20,LY,1603248971,65,27.04,14.43,65.66,11.88
Bandarbeyla,0,SO,1603248971,68,9.49,50.81,78.67,8.9
Kavaratti,84,IN,1603248737,70,10.57,72.64,82.04,8.14
Passos,84,BR,1603248922,92,-20.72,-46.61,65.19,4.43
Karratha,81,AU,1603248972,25,-20.74,116.85,89.22,12.64
Aripuanã,16,BR,1603248974,68,-9.17,-60.63,77.97,0.4
Koumac,3,NC,1603248974,61,-20.57,164.28,77.86,7.67
Kyra,3,RU,1603248975,75,49.58,111.98,28.4,13.65
Yulara,0,AU,1603248975,17,-25.24,130.99,93.2,3.36
Ati,0,TD,1603248975,15,13.22,18.34,81.86,9.86
Tahoua,0,NE,1603248976,14,14.89,5.27,84.88,7.56
Antalaha,100,MG,1603248976,80,-14.9,50.28,72.99,10.56
Dwārka,0,IN,1603248977,75,22.24,68.97,84.49,9.1
Hīt,0,IQ,1603248977,38,33.64,42.83,70.75,6.82
Reporoa,97,NZ,1603248936,80,-38.43,176.35,66.99,8.01
Kokopo,52,PG,1603248977,75,-4.35,152.26,82.78,2.95
Centerville,90,US,1603248849,93,39.63,-84.16,57.2,5.82
Luwuk,56,ID,1603248978,56,-0.95,122.79,86.7,7.58
Iqaluit,90,CA,1603248978,96,63.75,-68.51,32.0,13.87
Ambilobe,86,MG,1603248978,74,-13.2,49.05,73.44,3.71
Esmeraldas,90,BR,1603248979,93,-19.76,-44.31,64.4,1.12
Westport,90,US,1603248755,100,41.14,-73.36,63.0,0.69
Carutapera,56,BR,1603248979,87,-1.2,-46.02,76.46,5.68
Bay Roberts,100,CA,1603248969,98,47.6,-53.26,57.99,18.99
Boulder,1,US,1603248980,53,40.08,-105.35,50.0,1.19
Talnakh,49,RU,1603248801,92,69.49,88.4,6.8,2.24
Acajutla,94,SV,1603248980,100,13.59,-89.83,70.0,3.31
Slonim,100,BY,1603248981,78,53.09,25.32,44.87,12.66
Deputatsky,100,RU,1603248981,95,69.3,139.9,10.35,1.79
Dāmghān,0,IR,1603248982,44,36.17,54.35,51.93,0.72
Zhigansk,100,RU,1603248982,96,66.77,123.37,19.02,0.38
Merauke,24,ID,1603248982,65,-8.47,140.33,86.32,12.33
Katangli,59,RU,1603248983,52,51.71,143.23,48.02,10.2
Kichera,62,RU,1603248983,82,55.94,110.1,27.36,4.61
Presidencia Roque Sáenz Peña,34,AR,1603248983,69,-26.79,-60.44,78.75,9.62
Hofn,27,IS,1603248983,74,64.25,-15.21,35.78,6.33
Ribeira Grande,74,PT,1603248984,65,38.52,-28.7,63.46,24.54
Qaqortoq,100,GL,1603248984,86,60.72,-46.03,30.2,2.24
Pando,34,UY,1603248984,54,-34.72,-55.95,53.6,17.22
Harbour Breton,99,CA,1603248985,100,47.48,-55.8,60.01,7.0
Wanning,80,CN,1603248985,77,18.8,110.4,75.9,15.79
Oranjestad,20,AW,1603248731,94,12.52,-70.03,75.2,4.7
Seoul,90,KR,1603248986,59,37.57,126.98,62.6,4.25
Welkom,36,ZA,1603248986,70,-27.99,26.71,61.03,13.91
Rāmgarh,0,IN,1603248980,83,23.63,85.52,73.4,2.84
Port Blair,48,IN,1603248987,78,11.67,92.75,83.46,15.23
Estación Coahuila,5,MX,1603248988,14,32.19,-115.0,87.8,4.7
Brigantine,90,US,1603248988,100,39.41,-74.36,62.6,3.36
Verkh-Suetka,2,RU,1603248988,59,53.3,80.05,42.21,10.42
Tazovsky,100,RU,1603248989,98,67.47,78.7,20.44,16.75
Castro,41,BR,1603248826,91,-24.79,-50.01,62.1,5.55
Kontagora,0,NG,1603248990,66,10.4,5.47,73.72,3.11
Sola,46,VU,1603248990,80,-13.88,167.55,79.52,13.02
Doha,0,QA,1603248990,57,25.29,51.53,78.8,5.82
Māngrol,11,IN,1603248991,75,21.12,70.12,83.48,6.89
Ellisras,0,ZA,1603248991,57,-23.66,27.74,68.94,20.02
George,0,ZA,1603248991,93,-33.96,22.46,48.2,3.36
Tete,1,MZ,1603248992,44,-16.16,33.59,77.0,5.35
Dombarovskiy,72,RU,1603248992,75,50.76,59.54,38.25,12.95
Sindou,25,BF,1603248992,81,10.67,-5.17,73.47,2.1
Xinqing,98,CN,1603248993,52,48.23,129.5,56.95,16.15
Chilia Veche,0,RO,1603248993,70,45.42,29.28,37.4,4.72
Chokurdakh,61,RU,1603248993,96,70.63,147.92,8.89,4.79
Porto-Novo,72,BJ,1603248994,92,6.5,2.6,77.05,5.93
Tabory,2,RU,1603248994,99,58.52,64.55,29.23,4.68
Norman Wells,90,CA,1603248995,85,65.28,-126.83,23.0,16.11
Suntar,66,RU,1603248995,92,62.14,117.63,23.16,4.85
Muros,76,ES,1603248843,91,42.78,-9.06,59.0,11.01
Brae,100,GB,1603248995,81,60.4,-1.35,48.2,27.51
Bitkine,0,TD,1603248996,28,11.98,18.21,76.37,2.48
Saint George,1,US,1603248731,11,37.1,-113.58,75.2,4.7
Gweru,0,ZW,1603248996,33,-19.45,29.82,63.7,6.53
Alice Springs,20,AU,1603248763,21,-23.7,133.88,95.0,20.8
Yeppoon,90,AU,1603248997,51,-23.13,150.73,82.4,12.75
Hammerfest,3,NO,1603248997,92,70.66,23.68,24.8,6.93
Port Pirie,32,AU,1603248997,43,-33.18,138.02,73.4,6.93
Yuli,48,NG,1603248997,69,9.7,10.27,73.72,0.89
La Ronge,90,CA,1603248998,73,55.1,-105.28,24.8,4.7
Iskateley,98,RU,1603248889,98,67.68,53.15,28.29,11.27
Lake City,75,US,1603248998,100,30.19,-82.64,73.99,4.7
Dassel,100,DE,1603248998,88,51.8,9.69,53.01,8.08
Kavieng,99,PG,1603248999,78,-2.57,150.8,81.48,8.61
Dejen,0,ET,1603248999,79,10.17,38.13,48.04,3.67
Arrondissement de Laon,100,FR,1603249000,87,49.57,3.67,54.0,9.17
Cabo San Lucas,5,MX,1603249000,83,22.89,-109.91,84.0,12.75
Santa Fe,100,AR,1603248860,73,-31.63,-60.7,57.99,8.01
Nadym,100,RU,1603249001,98,65.53,72.52,26.26,4.88
Morant Bay,20,JM,1603249001,83,17.88,-76.41,78.8,8.05
Concordia,91,AR,1603249002,74,-31.39,-58.02,55.0,11.99
Najrān,0,SA,1603249002,29,17.49,44.13,60.8,2.24
Niamey,0,NE,1603249002,27,13.51,2.11,86.23,10.54
Roald,100,NO,1603249002,93,62.58,6.13,41.0,14.99
Karavayevo,75,RU,1603249003,74,55.3,37.96,35.6,8.95
Talara,1,PE,1603249003,85,-4.58,-81.27,64.45,14.32
Usoke,54,TZ,1603249003,81,-5.17,32.35,68.47,1.1
Kahului,20,US,1603248777,40,20.89,-156.47,89.6,11.41
Labuhan,28,ID,1603249004,60,-6.88,112.21,86.97,4.7
Fairbanks,90,US,1603248794,85,64.84,-147.72,23.0,0.72
Pontes e Lacerda,100,BR,1603249004,88,-15.23,-59.34,72.86,2.24
Skellefteå,100,SE,1603249004,92,64.75,20.95,30.2,8.05
Gravdal,13,NO,1603249005,72,68.12,13.5,39.18,10.25
Lubango,9,AO,1603249005,60,-14.92,13.49,60.37,1.95
Cockburn Town,89,TC,1603248767,79,21.46,-71.14,81.63,14.76
Naze,75,JP,1603248921,74,28.37,129.48,80.6,16.11
Hervey Bay,90,AU,1603249005,47,-25.3,152.85,78.8,10.29
Cururupu,88,BR,1603249006,86,-1.83,-44.87,75.83,3.74
Iquique,90,CL,1603248939,68,-20.22,-70.14,64.4,3.36
Airai,18,TL,1603249006,33,-8.93,125.41,81.3,5.48
Santarém,20,BR,1603249007,78,-2.44,-54.71,80.6,4.7
Baykit,99,RU,1603249007,94,61.67,96.37,26.55,2.33
Nampa,82,US,1603249007,58,43.54,-116.56,55.99,0.83
Vao,99,NC,1603249008,83,-22.67,167.48,73.47,13.22
Pathein,100,MM,1603249009,92,16.78,94.73,77.88,14.7
Eyrarbakki,40,IS,1603249009,82,63.86,-21.15,37.4,5.82
Lander,1,US,1603249009,49,42.83,-108.73,46.4,1.36
Omboué,100,GA,1603249010,88,-1.57,9.26,76.53,6.35
Poções,97,BR,1603249010,97,-14.53,-40.37,65.01,4.5
Colinas,95,BR,1603248922,45,-6.03,-44.25,81.86,0.98
Kochevo,97,RU,1603249010,99,59.6,54.31,31.14,4.07
Vetlanda,100,SE,1603249011,100,57.43,15.08,48.2,8.05
Dikson,93,RU,1603249011,97,73.51,80.55,24.39,4.59
Rovaniemi,75,FI,1603249011,100,66.5,25.72,23.0,0.51
Olivenza,27,ES,1603249012,88,38.68,-7.1,60.01,3.0
Port Hardy,75,CA,1603249012,87,50.7,-127.42,46.4,2.24
Vila Velha,75,BR,1603249013,94,-20.33,-40.29,72.0,5.82
Goderich,100,CA,1603249013,84,43.75,-81.72,46.0,17.6
Nikolskoye,90,RU,1603249014,92,59.7,30.79,30.99,2.24
Taveta,28,KE,1603249014,80,-3.4,37.67,66.29,2.08
Mandlā,3,IN,1603249014,71,22.6,80.38,78.37,3.31
Ancud,0,CL,1603249014,75,-41.87,-73.82,45.0,9.17
Kavos,100,GR,1603249015,87,38.83,22.83,59.0,1.01
Anadyr,90,RU,1603249015,70,64.75,177.48,44.6,17.9
Bourail,65,NC,1603249016,60,-21.57,165.48,78.04,5.53
Taoudenni,0,ML,1603249016,19,22.68,-3.98,77.61,10.16
Khandyga,100,RU,1603249016,88,62.67,135.6,19.44,5.41
Loikaw,81,MM,1603249016,81,19.67,97.21,71.47,2.71
Parfino,100,RU,1603249017,95,57.97,31.65,32.54,3.78
Laas,20,IT,1603249017,93,46.62,10.7,48.99,5.82
Sydney,20,AU,1603248672,53,-33.87,151.21,73.99,23.04
Mahibadhoo,80,MV,1603249017,78,3.78,72.97,82.69,13.49
Angoche,0,MZ,1603249018,88,-16.23,39.91,72.86,5.3
Cardston,20,CA,1603249018,92,49.2,-113.3,35.6,3.36
Epe,73,NG,1603249019,96,6.58,3.98,75.87,3.74
Caravelas,99,BR,1603249019,94,-17.71,-39.25,72.61,1.14
Ghanzi,27,BW,1603248905,24,-21.57,21.78,68.36,10.2
Chifeng,0,CN,1603248854,49,42.27,118.96,45.68,17.98
Esik,0,KZ,1603249019,29,43.36,77.45,51.8,2.24
Tuatapere,48,NZ,1603248736,59,-46.13,167.68,57.0,11.01
Saraza,79,PH,1603249020,69,8.74,117.78,85.98,12.71
Pinega,99,RU,1603248947,98,64.7,43.39,30.63,8.21
Río Gallegos,66,AR,1603248897,52,-51.62,-69.22,44.6,27.51
Mpraeso,99,GH,1603249021,100,6.59,-0.73,69.85,3.29
Lae,60,PG,1603249021,58,-6.72,146.98,86.41,8.01
Pangnirtung,100,CA,1603248813,94,66.15,-65.71,24.84,3.85
Teknāf,53,BD,1603248763,72,20.86,92.31,84.54,6.78
Mozarlândia,100,BR,1603248739,63,-14.74,-50.57,78.6,4.63
Kruisfontein,0,ZA,1603249022,91,-34.0,24.73,46.99,1.01
Kehtna,100,EE,1603249022,99,58.93,24.88,37.99,1.01
Los Llanos de Aridane,20,ES,1603249022,50,28.66,-17.92,75.2,5.82
Ginir,78,ET,1603249023,72,7.13,40.7,57.69,3.18
Hailar,100,CN,1603249023,98,49.2,119.7,30.18,18.34
Tocopilla,21,CL,1603249023,65,-22.09,-70.2,58.86,1.68
Srednekolymsk,69,RU,1603249023,96,67.45,153.68,18.99,4.34
Khuzdar,0,PK,1603249024,21,27.74,66.64,62.42,4.38
Boguchany,100,RU,1603249024,83,58.38,97.45,36.27,8.37
Palaia Fokaia,40,GR,1603249024,67,37.72,23.95,62.6,27.22
Arni,98,IN,1603249024,77,12.67,79.28,79.7,6.73
Bubaque,25,GW,1603249025,83,11.28,-15.83,81.37,12.44
Linqiong,95,CN,1603249025,82,30.42,103.46,66.0,2.24
Gizo Government Station,94,SB,1603249025,74,-8.1,156.84,83.34,13.8
Vilhena,68,BR,1603249026,87,-12.74,-60.15,70.88,1.21
Shiyan,26,CN,1603249026,48,32.65,110.78,69.44,6.91
Palmer,75,US,1603249026,100,42.16,-72.33,61.0,4.7
Oddur,35,SO,1603249026,88,4.12,43.89,71.94,8.37
Vitorino Freire,14,BR,1603248786,78,-4.07,-45.17,77.72,5.41
Lola,2,GN,1603249027,96,7.8,-8.53,68.29,0.6
Ust'-Kulom,99,RU,1603249027,99,61.69,53.69,29.89,3.02
Khilok,100,RU,1603249028,84,51.37,110.47,26.67,10.56
Morgan City,1,US,1603249028,88,29.7,-91.21,75.2,4.7
Buala,98,SB,1603248831,61,-8.14,159.59,87.37,5.01
Marquette,100,US,1603249029,91,46.53,-87.63,34.0,1.01
Kamphaeng Phet,100,TH,1603249029,94,16.25,99.5,72.45,5.26
Elwood,75,AU,1603248880,63,-37.88,144.98,64.0,9.17
La Grande,90,US,1603249030,54,45.32,-118.09,53.6,6.93
Namatanai,65,PG,1603248758,73,-3.67,152.43,82.71,3.22
Ust-Nera,49,RU,1603249031,86,64.57,143.2,12.78,2.08
Konya Province,40,TR,1603249031,87,38.17,32.5,53.6,11.41
Kamaishi,20,JP,1603249032,58,39.27,141.88,59.0,3.36
Beringovskiy,55,RU,1603249032,86,63.05,179.32,40.89,11.95
Tual,100,ID,1603248980,86,-5.67,132.75,77.83,8.86
Francisco Beltrão,0,BR,1603249032,68,-26.08,-53.05,67.66,3.56
Viana,75,BR,1603249033,94,-20.39,-40.5,72.0,5.82
Homer,1,US,1603249033,75,59.64,-151.55,42.8,3.36
Port Alfred,0,ZA,1603249033,75,-33.59,26.89,54.7,6.33
Benalla,40,AU,1603249034,43,-36.55,145.98,71.6,5.82
Passo de Camaragibe,20,BR,1603249034,88,-9.24,-35.49,71.6,1.12
Athens,75,GR,1603248391,72,37.98,23.72,62.01,10.29
Quatre Cocos,40,MU,1603248746,83,-20.21,57.76,77.0,10.29
Nauta,94,PE,1603249035,83,-4.51,-73.58,75.61,2.46
Kenai,1,US,1603249035,56,60.55,-151.26,42.8,4.7
Oak Harbor,75,US,1603249035,71,48.29,-122.64,53.6,12.75
Kiruna,13,SE,1603249036,100,67.86,20.23,23.0,1.03
Sayyan,0,YE,1603249036,46,15.17,44.32,49.5,5.17
Vallenar,0,CL,1603248998,48,-28.57,-70.76,58.05,0.54
Tiquisate,100,GT,1603249037,99,14.28,-91.37,66.0,3.38
Gogrial,52,SS,1603249038,85,8.53,28.1,71.96,4.63
Ukiah,1,US,1603248850,29,39.15,-123.21,77.0,2.73
Comodoro Rivadavia,97,AR,1603249038,70,-45.87,-67.5,46.4,5.82
Grand-Lahou,100,CI,1603249039,87,5.14,-5.02,77.07,7.72
Bakal,92,RU,1603249039,97,54.94,58.81,30.76,5.44
Nishihara,75,JP,1603249039,69,26.18,127.76,84.2,21.92
Gladstone,90,AU,1603249040,61,-23.85,151.25,78.8,12.75
Marsh Harbour,100,BS,1603249040,74,26.54,-77.06,81.7,22.06
Fortuna,1,US,1603248782,82,40.6,-124.16,57.99,10.29
Turgutlu,75,TR,1603249040,63,38.5,27.7,64.4,16.11
Belaya Gora,73,RU,1603249041,93,68.53,146.42,12.34,3.04
Tulare,0,US,1603249041,41,36.27,-118.8,68.0,1.99
Kyshtovka,100,RU,1603249041,82,56.55,76.63,43.47,10.71
Kondagaon,36,IN,1603249042,70,19.6,81.67,75.58,7.02
Pancol,100,PH,1603249042,75,10.87,119.42,84.24,13.73
Flinders,67,AU,1603249042,64,-34.58,150.86,75.99,7.0
Port Moresby,40,PG,1603249043,66,-9.44,147.18,89.6,17.22
Igarka,100,RU,1603249043,93,67.47,86.58,11.43,6.51
Mâncio Lima,100,BR,1603249043,97,-7.61,-72.9,73.02,2.44
Guánica,1,PR,1603249044,90,17.97,-66.91,75.0,2.35
Udomlya,31,RU,1603249044,97,57.88,34.99,29.79,4.97
Volterra,64,IT,1603249044,90,43.4,10.86,55.99,3.4
Nikol'sk,62,RU,1603249045,96,53.72,46.07,31.73,10.67
Kerrville,1,US,1603249045,69,30.05,-99.14,73.99,4.7
Salé,40,MA,1603249045,88,34.04,-6.82,69.01,11.41
Vestmannaeyjar,100,IS,1603249045,72,63.44,-20.27,38.28,4.68
Micheweni,6,TZ,1603249045,80,-4.97,39.83,76.33,7.81
Port Macquarie,3,AU,1603249045,50,-31.43,152.92,78.01,1.99
Barra de Tecoanapa,100,MX,1603249046,83,16.52,-98.75,81.32,3.74
Kibre Mengist,80,ET,1603249046,95,5.88,38.98,55.36,2.04
Sobolevo,100,RU,1603249046,86,54.43,31.9,35.98,7.16
Puri,40,IN,1603249017,94,19.8,85.85,80.6,5.82
Nador,99,MA,1603249047,73,35.17,-2.93,71.6,1.12
Touros,40,BR,1603248786,88,-5.2,-35.46,73.4,3.36
Verāval,60,IN,1603249011,75,20.9,70.37,83.46,7.72
Skibbereen,75,IE,1603249048,100,51.55,-9.27,48.2,1.12
Leshukonskoye,60,RU,1603249048,98,64.9,45.76,21.99,2.91
Verkhnyaya Toyma,92,RU,1603249049,97,62.23,45.0,26.06,8.39
Paamiut,97,GL,1603249049,90,61.99,-49.67,34.09,3.65
Qorveh,0,IR,1603249049,62,35.17,47.8,39.52,1.28
Orlik,48,RU,1603249049,85,52.52,99.83,22.14,3.8
Kununurra,10,AU,1603249049,39,-15.77,128.73,98.6,8.05
Constantine,0,DZ,1603249050,61,36.37,6.61,50.0,3.36
São Félix do Xingu,35,BR,1603249050,75,-6.64,-51.99,74.95,0.25
Mānikpur,5,IN,1603249050,29,25.07,81.12,79.68,4.32
Kamenka,2,RU,1603249051,93,51.32,42.77,33.51,9.91
Olafsvik,100,IS,1603249051,75,64.89,-23.71,42.91,11.36
Karasburg,0,NA,1603249051,38,-28.02,18.75,51.03,11.07
Dawei,100,MM,1603249051,80,14.08,98.2,78.62,3.89
Al Bardīyah,4,LY,1603249052,77,31.76,25.09,67.15,9.8
Kropotkin,19,RU,1603249052,59,45.44,40.58,50.0,4.36
Yong’an,0,CN,1603249053,52,39.7,113.69,40.21,13.85
Merke,0,KZ,1603249053,28,42.87,73.18,61.95,3.29
Kloulklubed,90,PW,1603249000,83,7.04,134.26,82.4,4.7
Baruun-Urt,0,MN,1603249053,74,46.68,113.28,28.13,11.39
Mezen',99,RU,1603249054,97,65.85,44.24,32.54,7.36
The Valley,20,AI,1603248884,78,18.22,-63.06,82.4,8.05
Guozhen,47,CN,1603249055,24,34.37,107.36,68.77,2.01
Orange,6,US,1603249055,83,33.7,-117.77,68.0,2.93
Faya,0,SA,1603249055,25,18.39,42.45,55.4,6.93
Korla,0,CN,1603248984,36,41.76,86.15,54.84,6.2
Ixtapa,20,MX,1603248933,83,20.7,-105.2,84.2,2.24
La Santisima Trinidad,4,BO,1603249024,64,-14.83,-64.9,77.04,1.81
Henties Bay,2,NA,1603249056,86,-22.12,14.28,57.99,3.0
Waipawa,42,NZ,1603249056,67,-41.41,175.52,62.6,24.16
Poum,1,NC,1603249056,67,-20.23,164.02,75.79,1.72
Charlottesville,1,US,1603248969,82,38.03,-78.48,62.6,0.72
Ingham,90,US,1603249058,87,42.6,-84.38,46.4,11.41
Lodeynoye Pole,28,RU,1603249058,98,60.73,33.55,29.01,2.8
Burnie,75,AU,1603249059,67,-41.07,145.92,61.0,11.01
Portland,87,US,1603248640,70,45.52,-122.68,59.0,1.99
Basco,100,PH,1603249060,87,20.45,121.97,80.91,14.65
Biltine,1,TD,1603249061,17,14.53,20.92,79.18,10.29
Poli,71,TZ,1603249061,94,-3.33,36.8,57.47,2.17
San Ramon,1,US,1603248834,40,37.78,-121.98,75.0,5.82
Podor,14,MR,1603249062,17,16.65,-14.96,88.99,8.41
Puerto Baquerizo Moreno,60,EC,1603249062,86,-0.9,-89.6,69.1,14.36
Balabac,100,PH,1603249062,74,7.99,117.06,84.67,14.79
Madingou,100,CG,1603249062,89,-4.15,13.55,74.48,3.62
Tankhoy,93,RU,1603249062,78,51.55,105.13,35.53,5.77
Takapau,100,NZ,1603249062,64,-40.03,176.35,64.99,8.01
Toora-Khem,99,RU,1603249063,86,52.47,96.11,31.69,3.22
Karlstad,100,SE,1603248991,100,59.38,13.5,46.4,9.17
Gemena,100,CD,1603249063,97,3.25,19.77,70.38,3.0
Bulungu,100,CD,1603249063,98,-4.55,18.6,70.34,2.42
Adrar,0,MR,1603249064,18,20.5,-10.07,81.63,5.66
Port Lincoln,85,AU,1603248872,65,-34.73,135.87,63.7,9.44
Avera,1,US,1603249064,94,33.19,-82.53,68.0,6.62
Pimentel,35,PE,1603249064,85,-6.84,-79.93,62.44,11.81
Jaciara,100,BR,1603248995,87,-15.97,-54.97,74.08,0.67
Iznoski,100,RU,1603249065,98,54.99,35.31,30.65,4.61
Coquimbo,0,CL,1603248844,93,-29.95,-71.34,53.6,3.36
Taksimo,82,RU,1603249065,77,56.34,114.88,24.55,2.98
Durazno,98,UY,1603249065,75,-33.41,-56.5,52.38,15.46
Port Hawkesbury,90,CA,1603249066,93,45.62,-61.35,57.2,9.17
Choix,0,MX,1603249066,43,26.71,-108.32,80.82,2.91
Tilaran,100,CR,1603249066,93,10.47,-84.97,70.07,2.17
Dudinka,38,RU,1603249066,92,69.41,86.18,6.8,2.24
Chimoré,93,BO,1603249067,93,-16.98,-65.13,72.95,2.62
Verkhoyansk,88,RU,1603249067,87,67.54,133.38,9.91,3.11
Kreminna,15,UA,1603249025,77,49.05,38.22,39.49,6.51
Ouro Branco,59,BR,1603248883,97,-20.52,-43.69,59.31,1.61
Almeirim,47,BR,1603249067,80,-1.52,-52.58,77.94,5.82
Mafinga,91,TZ,1603249067,70,-7.25,35.07,65.61,0.65
Jalu,0,LY,1603249068,66,29.03,21.55,64.2,10.54
Vavozh,26,RU,1603249068,98,56.78,51.93,31.24,10.18
Kiryat Gat,12,IL,1603248964,100,31.61,34.76,73.0,3.74
Pará de Minas,96,BR,1603249068,95,-19.86,-44.61,63.05,3.51
Eenhana,0,NA,1603249068,28,-17.47,16.33,75.2,4.7
Harnai,0,PK,1603249069,17,30.1,67.94,70.66,3.36
Mildura,75,AU,1603248781,24,-34.2,142.15,80.01,4.7
Pontianak,70,ID,1603249069,55,-0.03,109.33,91.47,2.89
Roberval,5,CA,1603249069,92,48.52,-72.23,30.2,5.82
Viedma,72,AR,1603249069,71,-40.81,-63.0,47.82,9.55
Bathsheba,40,BB,1603249070,78,13.22,-59.52,82.4,8.05
Naujamiestis,100,LT,1603249070,93,55.69,24.15,42.8,14.99
Riyadh,0,SA,1603249070,27,24.69,46.72,60.8,8.77
Chunskiy,100,RU,1603249070,94,56.08,99.63,34.57,5.57
Suoyarvi,21,RU,1603249070,98,62.08,32.35,25.25,3.44
Kananga,100,CD,1603249070,98,-5.9,22.42,69.57,1.54
Casalpusterlengo,63,IT,1603249071,87,45.18,9.65,52.0,1.41
San Juan,0,AR,1603249071,49,-31.54,-68.54,64.06,14.81
Lüderitz,0,NA,1603249071,45,-26.65,15.16,61.88,14.0
Salinas,1,US,1603248991,77,36.68,-121.66,61.0,8.05
Mudgee,40,AU,1603249072,56,-32.59,149.59,75.99,8.05
Longyearbyen,40,SJ,1603249072,68,78.22,15.64,26.6,6.93
Egvekinot,98,RU,1603249073,100,66.32,-179.17,33.94,6.26
Raudeberg,100,NO,1603249014,93,61.99,5.14,44.01,11.54
Isiro,66,CD,1603249073,96,2.77,27.62,65.53,1.86
Bayir,75,TR,1603249073,82,37.27,28.22,60.8,3.36
Port-Cartier,20,CA,1603249025,84,50.03,-66.87,37.99,10.29
Grand Gaube,1,MU,1603248844,68,-20.01,57.66,77.0,8.99
Shamkhal,40,RU,1603249074,87,43.06,47.34,55.4,6.71
Shakawe,0,BW,1603249074,23,-18.37,21.85,68.27,6.51
